{
  "Logistic Regression": 0.6380427217972297,
  "Random Forest": 0.8872489667783843,
  "Gradient Boosting": 0.7979261936297588
}